,sex,Geopolitical entity (reporting),TIME_PERIOD,OBS_VALUE,real_gdp_current,MED_E_current,MEI_E_current,real_gdp_minus_5,MED_E_minus_5,MEI_E_minus_5,real_gdp_minus_10,MED_E_minus_10,MEI_E_minus_10,people_in_low_work_intensity_household_perc,material_deprivation_rate_perc,mean-median,qoutient
0,T,Austria,2015,81.3,39640,23917.419235694186,26106.63677312125,38800.0,20807.210246400606,23118.26051547912,36950.0,18103.29226980518,20134.169775320333,4.2,5.0,2189.217537427063,0.09153234786133992
1,T,Austria,2016,81.8,39970,25084.839725347025,27223.364567490928,39800.0,21853.145323787754,24048.425572467237,37970.0,18396.665439349807,20112.366693696546,4.9,4.4,2138.524842143903,0.08525168450580237
2,T,Austria,2017,81.7,40620,25424.46087899722,27927.898907529172,39870.0,22269.766387383497,24466.16143361618,39270.0,18879.02122823096,20906.700088269692,5.1,4.5,2503.438028531953,0.09846572717693326
3,T,Austria,2018,81.8,41430,25116.90483205981,27363.97258488078,39540.0,22583.94161034564,24785.392816339918,39710.0,20222.669539748014,22402.605997002607,5.0,3.6,2247.067752820971,0.08946435748535228
4,T,Austria,2019,82.0,41970,25669.419699098282,28239.395144749735,39520.0,23677.00255702405,26211.982358207817,38200.0,20607.44276137352,22795.551235665145,4.6,3.8,2569.975445651453,0.10011817469102081
5,T,Austria,2020,81.3,39140,25332.4893922345,27865.59837432482,39640.0,23917.419235694186,26106.63677312125,38800.0,20807.210246400606,23118.26051547912,4.4,3.2,2533.1089820903217,0.09999447519227339
6,T,Austria,2021,81.3,40860,26524.600920130517,28708.22702053673,39970.0,25084.839725347025,27223.364567490928,39800.0,21853.145323787754,24048.425572467237,5.7,2.8,2183.6261004062144,0.08232456001812938
7,T,Austria,2022,81.4,42540,27307.662914610257,30084.54810766793,40620.0,25424.46087899722,27927.898907529172,39870.0,22269.766387383497,24466.16143361618,5.3,3.7,2776.8851930576748,0.10168886300306477
8,T,Austria,2023,81.9,41770,30816.079347956693,34498.86380923699,41430.0,25116.90483205981,27363.97258488078,39540.0,22583.94161034564,24785.392816339918,4.5,5.8,3682.7844612802946,0.11950853383055321
9,T,Belgium,2015,81.1,36860,20971.115170833134,22330.66179225538,36040.0,17794.94020663055,19584.84025981855,34830.0,15952.39309240071,17227.621975231978,12.5,9.6,1359.546621422247,0.06482948619313864
10,T,Belgium,2016,81.5,37110,22104.691439571237,23647.50942243025,36270.0,36636.61562751243,39752.76094279191,35480.0,16487.734817355267,17836.66025991133,13.1,11.2,1542.817982859011,0.06979595200759504
11,T,Belgium,2017,81.6,37510,21740.382354579688,22975.65640641403,36120.0,19113.42841368789,20360.90397768618,36520.0,16805.277259140268,18133.25259112954,12.3,9.6,1235.2740518343417,0.05681933425490683
12,T,Belgium,2018,81.7,38040,22136.896491438085,23465.238826445402,36060.0,20506.06928110089,21623.688633148613,36400.0,17240.27244834466,18784.6262541856,10.9,9.1,1328.3423350073172,0.06000580684474365
13,T,Belgium,2019,82.1,38760,22743.247432810986,24493.05027179096,36530.0,20629.529223831625,21941.414405435036,35420.0,18117.33608429613,19614.71700713029,11.9,8.8,1749.8028389799729,0.07693724672122179
14,T,Belgium,2020,80.8,36740,23094.578529791157,24836.402004482938,36860.0,20971.115170833134,22330.66179225538,36040.0,17794.94020663055,19584.84025981855,11.0,9.3,1741.8234746917806,0.07542131467975882
15,T,Belgium,2021,81.9,38870,23439.7560445478,25034.601841916225,37110.0,22104.691439571237,23647.50942243025,36270.0,36636.61562751243,39752.76094279191,11.3,8.4,1594.8457973684235,0.068040204613793
16,T,Belgium,2022,81.8,40190,24898.98563592792,26631.99478193825,37510.0,21740.382354579688,22975.65640641403,36120.0,19113.42841368789,20360.90397768618,10.3,8.2,1733.0091460103322,0.06960159627987783
17,T,Belgium,2023,82.5,40330,25892.693834812482,27742.96618087863,38040.0,22136.896491438085,23465.238826445402,36060.0,20506.06928110089,21623.688633148613,9.8,8.5,1850.2723460661473,0.07145924475337802
18,T,Bulgaria,2016,74.9,6840,7027.362248313163,8490.71807409366,5960.0,5997.267041896689,6976.458441268004,5010.0,3286.6192341997576,3722.8351699887735,10.9,47.8,1463.355825780497,0.20823685674262185
19,T,Bulgaria,2017,74.8,7130,7874.67107643441,9833.345756481287,6070.0,5813.47418952532,6675.557634875351,5380.0,3402.1372628045297,3897.134815091259,10.4,44.4,1958.6746800468773,0.24873098330524174
20,T,Bulgaria,2018,75.0,7410,7394.068245906517,9457.334486414893,6130.0,6028.419466730692,7188.057074028299,5730.0,4973.202411629768,5918.267445065167,8.8,36.0,2063.2662405083756,0.2790434402131242
21,T,Bulgaria,2019,75.1,7800,8617.978836707523,11131.755299288925,6260.0,6981.672215735963,8166.670813268168,5570.0,5785.10127998454,6697.806805564737,9.0,34.6,2513.7764625814016,0.29168979295634745
22,T,Bulgaria,2020,73.3,7620,8791.445147595286,11288.429116464264,6560.0,7181.2028033861225,8642.093084830005,5690.0,5995.472609748886,6934.848483720157,8.1,34.2,2496.983968868977,0.28402429031272225
23,T,Bulgaria,2021,71.2,8270,9483.495969748252,12325.382900647834,6840.0,7027.362248313163,8490.71807409366,5960.0,5997.267041896689,6976.458441268004,8.1,31.0,2841.886930899582,0.2996665934129165
24,T,Bulgaria,2022,74.2,8660,9959.36786161713,12403.140546922008,7130.0,7874.67107643441,9833.345756481287,6070.0,5813.47418952532,6675.557634875351,8.4,30.9,2443.772685304879,0.24537427668708253
25,T,Bulgaria,2023,75.8,8850,11539.48527047096,14310.887173623505,7410.0,7394.068245906517,9457.334486414893,6130.0,6028.419466730692,7188.057074028299,6.9,29.7,2771.401903152546,0.24016685651000766
26,T,Cyprus,2015,81.8,20810,16157.495287759264,19701.594525511526,23510.0,18837.324619417308,22281.6295484902,23100.0,15112.759589786565,17359.307588539777,10.5,20.0,3544.0992377522616,0.21934706924762226
27,T,Cyprus,2016,82.7,22060,17204.993565778328,20319.1255363001,23020.0,19670.07931612624,23239.298121652326,23790.0,16624.73231299547,19262.0259129368,10.5,18.5,3114.131970521772,0.1810016352877894
28,T,Cyprus,2017,82.2,23130,17568.005427954377,20872.058442891514,21930.0,18844.387421069085,22880.238585669133,24480.0,18434.335588606886,21728.36910551656,9.2,15.2,3304.053014937137,0.18807217634847134
29,T,Cyprus,2018,82.9,24300,18161.317978805473,20983.920716770204,20510.0,17760.726493677463,21948.882652347133,24740.0,18992.56487756336,21925.561728472818,7.7,12.7,2822.602737964731,0.15541838655425505
30,T,Cyprus,2019,82.3,25390,19170.128507777274,23103.818964275233,20170.0,16261.334200536434,21091.06766545499,23600.0,19238.88799351429,22778.692477431076,6.8,10.7,3933.6904564979595,0.20519896123294484
31,T,Cyprus,2020,82.4,24240,18954.038517318593,22262.926865218313,20810.0,16157.495287759264,19701.594525511526,23510.0,18837.324619417308,22281.6295484902,5.9,8.9,3308.8883478997195,0.1745743180207394
32,T,Cyprus,2021,81.3,26600,19282.766107190342,22734.21199755337,22060.0,17204.993565778328,20319.1255363001,23020.0,19670.07931612624,23239.298121652326,5.8,9.0,3451.4458903630293,0.1789912231044498
33,T,Cyprus,2022,81.6,27990,20516.577965819124,23680.855714396617,23130.0,17568.005427954377,20872.058442891514,21930.0,18844.387421069085,22880.238585669133,4.3,9.4,3164.277748577493,0.15423028898138957
34,T,Cyprus,2023,82.9,28220,21659.096646539758,25258.51811795548,24300.0,18161.317978805473,20983.920716770204,20510.0,17760.726493677463,21948.882652347133,4.4,8.5,3599.4214714157206,0.16618520754376714
35,T,Czechia,2015,78.7,16230,11979.161929814944,13168.540410395615,14970.0,9974.363439404167,11080.04120199488,13630.0,7960.7378048232285,8953.606768555077,6.2,9.7,1189.3784805806717,0.09928728633515062
36,T,Czechia,2016,79.1,16640,12876.504754411668,14096.74131767667,15260.0,10345.523673374779,11458.59644208355,14490.0,8571.692873591457,9501.460227929016,6.1,8.4,1220.2365632650017,0.09476457987148507
37,T,Czechia,2017,79.1,17490,12979.05168277157,14263.620702241325,15130.0,10878.792559830186,12046.902536354595,15200.0,9231.358809934209,10243.706848502776,5.5,7.4,1284.5690194697563,0.09897248665516117
38,T,Czechia,2018,79.1,17960,13568.277134046686,14841.792287114384,15130.0,11015.811496624154,12235.008011430322,15430.0,10000.892944258354,11109.75007468308,4.6,5.7,1273.5151530676976,0.09385975393088664
39,T,Czechia,2019,79.3,18570,14321.289732648263,15629.336249238004,15470.0,11387.767921169016,12567.351719827859,14610.0,9798.464642951929,10883.201561227996,4.6,5.1,1308.0465165897403,0.09133580431710595
40,T,Czechia,2020,78.3,17670,14585.86562774489,15961.1248874494,16230.0,11979.161929814944,13168.540410395615,14970.0,9974.363439404167,11080.04120199488,4.5,4.6,1375.2592597045095,0.09428711979140435
41,T,Czechia,2021,77.2,18380,14237.117246585507,15851.861444985203,16640.0,12876.504754411668,14096.74131767667,15260.0,10345.523673374779,11458.59644208355,5.1,4.3,1614.744198399696,0.11341791813837598
42,T,Czechia,2022,79.0,18450,15729.98155927845,17328.034023328462,17490.0,12979.05168277157,14263.620702241325,15130.0,10878.792559830186,12046.902536354595,4.2,4.3,1598.0524640500116,0.10159277415728361
43,T,Czechia,2023,79.9,18240,16905.75789572027,18338.055211347797,17960.0,13568.277134046686,14841.792287114384,15130.0,11015.811496624154,12235.008011430322,4.4,5.6,1432.2973156275257,0.08472245518138614
44,T,Germany,2015,80.7,37770,20894.745366377418,23491.321807488992,35360.0,18104.45044775104,20500.043792420314,32900.0,16143.377854608221,17858.45011590382,9.7,10.4,2596.5764411115742,0.1242693507665248
45,T,Germany,2016,81.0,38330,21650.71366681311,24280.54661518485,36690.0,18941.076979085377,21210.145958379126,34240.0,15569.323348183705,17092.439583473628,9.6,8.6,2629.832948371739,0.12146634004045923
46,T,Germany,2017,81.1,39220,21816.20349800208,24397.61655579859,36800.0,19562.02556895565,21800.18047900411,35310.0,17811.650031224628,20145.857118989683,9.5,7.5,2581.4130577965116,0.11832549407750603
47,T,Germany,2018,81.0,39540,22298.24258285941,24971.433617960043,36840.0,19810.77738009262,22522.870144895016,35730.0,18571.410527350225,21126.9847395702,9.4,7.3,2673.1910351006336,0.11988348521939156
48,T,Germany,2019,81.3,39840,23012.952168261167,25483.748739292907,37480.0,19784.35423677745,22193.31359052091,33870.0,18480.91152711737,20793.267014651457,8.5,6.4,2470.7965710317403,0.10736547631813163
49,T,Germany,2020,81.1,38180,25472.865902843776,28959.80542701424,37770.0,20894.745366377418,23491.321807488992,35360.0,18104.45044775104,20500.043792420314,6.4,6.9,3486.9395241704624,0.13688838693965655
50,T,Germany,2021,80.8,39570,24793.026584913696,28474.248045240474,38330.0,21650.71366681311,24280.54661518485,36690.0,18941.076979085377,21210.145958379126,7.4,6.9,3681.2214603267785,0.14847809918321
51,T,Germany,2022,80.7,39820,24590.39381283777,27806.161554969513,39220.0,21816.20349800208,24397.61655579859,36800.0,19562.02556895565,21800.18047900411,7.9,9.3,3215.767742131742,0.13077333232674396
52,T,Germany,2023,81.1,39380,25642.721955121022,29189.66251734819,39540.0,22298.24258285941,24971.433617960043,36840.0,19810.77738009262,22522.870144895016,7.7,10.4,3546.9405622271697,0.138321531093107
53,T,Denmark,2015,80.8,47900,20735.411392170605,23045.753506229845,46190.0,18332.685184033246,19251.846547639532,46930.0,16172.449522780242,17050.868792393074,13.2,6.6,2310.34211405924,0.11142012426778242
54,T,Denmark,2016,80.9,48970,21729.90515943094,24000.108225719232,46610.0,19673.60325665677,21303.85727978349,48550.0,16503.304866283735,17453.823012163444,12.4,5.7,2270.2030662882935,0.10447367577685947
55,T,Denmark,2017,81.1,50150,21253.107019112,23502.0077556802,46430.0,19614.023199532963,21324.081541417196,48820.0,17219.594586065065,18406.519374201853,11.4,6.6,2248.9007365681973,0.10581515138214181
56,T,Denmark,2018,81.0,50830,21985.058247071953,24558.048392737863,46890.0,20085.29826107149,22023.458376936636,48330.0,17771.90972002345,19275.428673536244,10.8,6.9,2572.99014566591,0.11703358329781045
57,T,Denmark,2019,81.5,51500,22691.878319172232,25307.006065860925,47240.0,20423.58966012066,22653.09494232666,45680.0,18057.816192114118,18788.624538983626,10.8,6.4,2615.127746688693,0.11524509826404222
58,T,Denmark,2020,81.6,50470,22330.736223687763,24790.034661048187,47900.0,20735.411392170605,23045.753506229845,46190.0,18332.685184033246,19251.846547639532,10.0,5.9,2459.298437360423,0.11013064740568985
59,T,Denmark,2021,81.5,53970,23526.823671850674,25861.58663829225,48970.0,21729.90515943094,24000.108225719232,46610.0,19673.60325665677,21303.85727978349,11.0,5.4,2334.7629664415763,0.0992383416905984
60,T,Denmark,2022,81.3,54310,23859.43288005554,26565.246823953865,50150.0,21253.107019112,23502.0077556802,46430.0,19614.023199532963,21324.081541417196,10.3,6.4,2705.8139438983235,0.11340646517043387
61,T,Denmark,2023,81.8,55280,23537.369268329672,26552.87789306579,50830.0,21985.058247071953,24558.048392737863,46890.0,20085.29826107149,22023.458376936636,10.6,8.6,3015.508624736118,0.12811578857258218
62,T,Estonia,2015,78.0,16000,11221.070051718585,12947.286335110368,13190.0,7913.181768375661,9080.722089673576,13210.0,5164.597356291852,6021.348604226455,6.5,7.8,1726.2162833917828,0.15383704721880787
63,T,Estonia,2016,78.0,16460,12447.145050380308,14184.451233545708,14240.0,8024.9544230923,9034.867240598098,14590.0,6034.033704242656,6995.935859118357,5.8,6.0,1737.3061831653995,0.13957467163221643
64,T,Estonia,2017,78.4,17390,13087.475887138778,14475.520573924754,14810.0,8432.950188860576,9589.476882554534,15790.0,6869.907940896008,8140.352401865152,6.0,8.6,1388.0446867859755,0.10605900624046413
65,T,Estonia,2018,78.5,17990,13666.743275475199,15152.207257495424,15130.0,9310.716739045498,10885.479852338203,15030.0,7785.43043104507,8902.36251995579,5.8,7.7,1485.4639820202246,0.10869187721451323
66,T,Estonia,2019,79.0,18580,14499.021877429685,16046.450891595336,15680.0,10289.68966528885,11980.736273358423,12850.0,8509.992104290266,9743.350360016197,5.8,7.0,1547.429014165651,0.10672644177291025
67,T,Estonia,2020,78.9,17990,14399.385816474132,16290.136425783185,16000.0,11221.070051718585,12947.286335110368,13190.0,7913.181768375661,9080.722089673576,5.3,6.0,1890.7506093090524,0.13130772613550445
68,T,Estonia,2021,77.2,19260,15157.723799182617,16948.742713411426,16460.0,12447.145050380308,14184.451233545708,14240.0,8024.9544230923,9034.867240598098,5.4,4.8,1791.018914228809,0.11815883030705376
69,T,Estonia,2022,78.1,19240,17019.364103314463,19620.094427543343,17390.0,13087.475887138778,14475.520573924754,14810.0,8432.950188860576,9589.476882554534,6.6,6.9,2600.73032422888,0.1528100761251354
70,T,Estonia,2023,79.1,18200,15956.510911455254,17927.60177325925,17990.0,13666.743275475199,15152.207257495424,15130.0,9310.716739045498,10885.479852338203,6.4,5.5,1971.0908618039975,0.12352893892291592
71,T,Greece,2015,81.1,16210,9228.142015280007,10573.38798094848,19420.0,13388.637362072384,15306.729529020664,19720.0,11015.804698029444,12851.390271158658,16.5,34.3,1345.2459656684732,0.14577646978568468
72,T,Greece,2016,81.5,16270,9468.036137264773,10867.716722417994,17530.0,11928.107928605144,13684.76281871838,20930.0,11435.347013348786,13367.376673083028,17.1,32.7,1399.6805851532208,0.14783219718018265
73,T,Greece,2017,81.4,16540,9458.134215963404,10850.204508502935,16160.0,10266.330332802485,11329.583407379407,21610.0,11804.484312776,13909.189855969275,15.5,32.7,1392.0702925395308,0.14718233646864512
74,T,Greece,2018,81.9,16920,9677.066446912055,11041.726164495332,15900.0,9489.320234550565,10585.699797305006,21560.0,12656.128180894779,14514.337691852379,14.8,31.5,1364.6597175832776,0.14101998008071337
75,T,Greece,2019,81.7,17320,10232.802891181564,11557.484933046162,16140.0,9052.513950749799,10311.510780283235,20620.0,13261.738394619726,15185.918899834012,13.9,28.9,1324.6820418645984,0.12945446677236247
76,T,Greece,2020,81.4,15760,10591.294543624306,12034.92996858029,16210.0,9228.142015280007,10573.38798094848,19420.0,13388.637362072384,15306.729529020664,13.0,27.8,1443.6354249559845,0.13630396350604912
77,T,Greece,2021,80.2,17220,10351.437052078252,11606.653205490114,16270.0,9468.036137264773,10867.716722417994,17530.0,11928.107928605144,13684.76281871838,13.4,27.1,1255.2161534118623,0.1212600866040965
78,T,Greece,2022,80.8,18310,11208.255418016308,12662.107625950137,16540.0,9458.134215963404,10850.204508502935,16160.0,10266.330332802485,11329.583407379407,10.8,27.8,1453.852207933829,0.12971262285804858
79,T,Greece,2023,81.8,18800,11711.096970643746,13410.351922728565,16920.0,9677.066446912055,11041.726164495332,15900.0,9489.320234550565,10585.699797305006,9.5,26.4,1699.2549520848188,0.14509784662737812
80,T,Spain,2015,83.0,23440,15303.21866949446,17569.21818014895,23230.0,16197.10893906797,18579.863229444087,23690.0,12047.918808893352,13710.01323539438,17.0,13.6,2265.99951065449,0.14807339289815868
81,T,Spain,2016,83.5,24100,16212.073540696329,18667.139743672025,23000.0,15602.617320171814,17915.059525804485,24260.0,12924.281489355482,14507.041150261628,16.1,15.1,2455.066202975697,0.15143443538008086
82,T,Spain,2017,83.4,24750,16535.318622518214,18802.765899722544,22330.0,15475.22270335084,17702.542222131302,24640.0,13449.494899588792,15132.656537635869,14.0,12.9,2267.44727720433,0.13712752254537527
83,T,Spain,2018,83.5,25230,16789.56610682627,19191.093260703303,22090.0,15318.960930194535,17496.912883684807,24420.0,16331.97813944536,18686.532577784226,12.2,13.5,2401.527153877032,0.1430368800835552
84,T,Spain,2019,84.0,25520,17277.23416620029,19644.645575059247,22500.0,15060.347689254162,17276.164500112158,23310.0,16870.513011778945,19204.0817534262,12.0,11.8,2367.411408858956,0.13702490723256838
85,T,Spain,2020,82.3,22610,17805.62340650471,19963.203348017865,23440.0,15303.21866949446,17569.21818014895,23230.0,16197.10893906797,18579.863229444087,10.6,12.9,2157.579941513155,0.12117407474342926
86,T,Spain,2021,83.3,24120,17459.130744261005,19764.331436536235,24100.0,16212.073540696329,18667.139743672025,23000.0,15602.617320171814,17915.059525804485,11.7,12.9,2305.20069227523,0.132034104448927
87,T,Spain,2022,83.2,25380,18430.367752168797,20847.987345486737,24750.0,16535.318622518214,18802.765899722544,22330.0,15475.22270335084,17702.542222131302,9.2,12.9,2417.6195933179406,0.13117587374421472
88,T,Spain,2023,84.0,25730,20170.17029939194,22784.812296028806,25230.0,16789.56610682627,19191.093260703303,22090.0,15318.960930194535,17496.912883684807,8.5,14.6,2614.6419966368667,0.12962914828317978
89,T,Finland,2015,81.6,38350,19835.10634570052,21802.6250660908,39260.0,17645.404893769,19285.813623881495,38330.0,14389.681256884753,16041.787999725131,12.4,3.3,1967.5187203902824,0.09919375707389459
90,T,Finland,2016,81.5,39230,20501.157781536105,22687.072215730455,40010.0,18374.41763067511,20179.777930024495,39720.0,14976.947572318562,16572.564377755436,12.5,4.1,2185.91443419435,0.10662395058307603
91,T,Finland,2017,81.7,40430,20296.804669829526,22488.63465577695,39210.0,18994.329849510836,20914.96785996452,41650.0,15651.341295505663,17228.900189086547,12.0,5.3,2191.8299859474246,0.10798891853186632
92,T,Finland,2018,81.8,40860,20543.2712476199,22829.579293167248,38650.0,19681.98395777815,21644.73315992258,41780.0,16934.316806986277,18820.27152400852,11.5,5.1,2286.3080455473464,0.1112923067601628
93,T,Finland,2019,82.1,41370,20968.444061880822,23332.746744008706,38300.0,19679.755651414136,21585.109083809948,38230.0,17647.64263953073,19512.797876600394,7.7,4.5,2364.3026821278836,0.11275527526746831
94,T,Finland,2020,82.0,40270,20785.032726175785,23270.259259482074,38350.0,19835.10634570052,21802.6250660908,39260.0,17645.404893769,19285.813623881495,7.7,4.5,2485.2265333062896,0.11956808372865832
95,T,Finland,2021,81.9,41270,20582.289977684246,22934.30347627571,39230.0,20501.157781536105,22687.072215730455,40010.0,18374.41763067511,20179.777930024495,8.4,3.5,2352.013498591463,0.11427365473625946
96,T,Finland,2022,81.2,41470,21390.00432113894,23711.864538660822,40430.0,20296.804669829526,22488.63465577695,39210.0,18994.329849510836,20914.96785996452,10.0,4.4,2321.860217521884,0.10854884284559385
97,T,Finland,2023,81.6,40920,22345.761021897935,24830.18729107752,40860.0,20543.2712476199,22829.579293167248,38650.0,19681.98395777815,21644.73315992258,9.1,6.3,2484.426269179585,0.11118109903461995
98,T,France,2015,82.4,33200,20511.59236564265,24137.14792571763,32200.0,18482.035011333035,21752.69989732463,31610.0,15129.54375193014,17173.773642949363,8.0,10.9,3625.5555600749794,0.17675641634473302
99,T,France,2016,82.7,33360,21294.19775699938,25104.510144705113,32830.0,18930.204645416237,22558.22055430268,32240.0,15476.9556595934,17517.340015517144,7.1,11.0,3810.3123877057333,0.17893664890255317
100,T,France,2017,82.7,33920,21109.15333452273,24518.557185518788,32740.0,19461.903450452144,23213.45539520484,32860.0,15650.346386984342,17563.01783471169,6.9,10.4,3409.403850996059,0.1615130553540576
101,T,France,2018,82.8,34320,20981.18708638386,24247.07579794471,32830.0,19883.220786695838,23636.978191173093,32810.0,18210.506925127847,21605.982541708516,6.4,10.7,3265.8887115608522,0.1556579567264005
102,T,France,2019,83.0,34880,21175.86413641437,24997.299900643302,32990.0,20284.446656554475,23802.663593997655,31720.0,18446.816539441377,21905.301452153355,6.0,11.1,3821.4357642289324,0.1804618569335042
103,T,France,2020,82.3,32170,20515.77617894278,23379.43343541016,33200.0,20511.59236564265,24137.14792571763,32200.0,18482.035011333035,21752.69989732463,8.2,10.3,2863.6572564673806,0.1395831788907219
104,T,France,2021,82.4,34230,20993.673869414568,23913.83919155518,33360.0,21294.19775699938,25104.510144705113,32830.0,18930.204645416237,22558.22055430268,9.3,9.2,2920.1653221406123,0.13909739382943193
105,T,France,2022,82.3,35030,21660.34663849846,24614.378890362044,33920.0,21109.15333452273,24518.557185518788,32740.0,19461.903450452144,23213.45539520484,8.1,11.1,2954.032251863584,0.13637973118182578
106,T,France,2023,83.0,35440,23091.35706845357,26080.035246142495,34320.0,20981.18708638386,24247.07579794471,32830.0,19883.220786695838,23636.978191173093,7.9,11.4,2988.6781776889256,0.12942843371349233
107,T,Croatia,2020,77.6,11970,11243.084890065995,12144.785940374233,10810.0,8420.325565641057,9337.546906737221,10670.0,7860.619130001211,8758.655551964874,7.2,9.9,901.7010503082383,0.08020050183068088
108,T,Croatia,2021,76.6,13580,11571.32992974747,12483.822249501525,11280.0,9174.54981457028,10058.808762454351,10690.0,7429.479483315286,8380.277188314318,7.7,8.7,912.4923197540556,0.0788580331987794
109,T,Croatia,2022,77.7,14580,12368.418841881832,13528.68978282792,11770.0,9605.944638991998,10513.00351333558,10490.0,7520.304682940507,8408.215089606554,6.1,8.8,1160.2709409460876,0.09380915667386588
110,T,Croatia,2023,78.6,14980,13459.38516808718,14754.60624736531,12230.0,10087.022503634249,10986.946060071294,10510.0,7609.403784628275,8587.856301616932,5.5,6.6,1295.2210792781298,0.09623181617160036
111,T,Hungary,2015,75.7,11520,8099.724294169111,9177.460685199816,10170.0,6888.3835591536035,7519.3949139253,10160.0,5712.144420095583,6474.093910647895,8.2,35.7,1077.736391030705,0.1330584044455135
112,T,Hungary,2016,76.2,11850,8503.266701139702,9549.017417092848,10400.0,7320.70916978249,8219.249502257839,10570.0,6296.420235364018,7442.425659891932,7.2,30.1,1045.7507159531451,0.12298223173606702
113,T,Hungary,2017,76.0,12380,8601.721169451774,9512.190550810843,10320.0,7748.793018305662,8617.505661983823,10630.0,6687.959112770286,7408.028444899692,5.9,24.1,910.4693813590693,0.10584734885298515
114,T,Hungary,2018,76.2,13100,8783.3611270425,9955.00759906217,10570.0,7408.033100546338,8371.358387884604,10750.0,6774.4763399335025,7433.1708715613795,5.5,18.7,1171.646472019669,0.1333938631320037
115,T,Hungary,2019,76.5,13780,9598.521425708053,10627.553077888046,11070.0,7740.6637708556045,8808.219356620342,10040.0,7015.6024417783865,7694.057467311958,4.9,18.9,1029.0316521799923,0.10720730897405731
116,T,Hungary,2020,75.5,13210,10042.176227953314,11094.555523617828,11520.0,8099.724294169111,9177.460685199816,10170.0,6888.3835591536035,7519.3949139253,4.6,17.3,1052.3792956645138,0.10479593982180078
117,T,Hungary,2021,74.1,14230,10252.062916130972,11243.628250556498,11850.0,8503.266701139702,9549.017417092848,10400.0,7320.70916978249,8219.249502257839,5.2,16.7,991.5653344255261,0.09671861580807906
118,T,Hungary,2022,76.0,14870,10389.36093579679,11628.574424873977,12380.0,8601.721169451774,9512.190550810843,10320.0,7748.793018305662,8617.505661983823,6.3,15.7,1239.2134890771868,0.11927716215994066
119,T,Hungary,2023,76.7,14770,11227.780221475434,12573.495056654396,13100.0,8783.3611270425,9955.00759906217,10570.0,7408.033100546338,8371.358387884604,4.9,16.4,1345.714835178962,0.1198558226678686
120,T,Ireland,2015,81.5,58040,18571.62844698401,20978.077803265907,42400.0,17647.40192728174,20689.35286985843,45600.0,15719.132559245048,18213.73076326209,18.3,17.4,2406.449356281897,0.12957664768878677
121,T,Ireland,2016,81.7,58050,19132.91143113702,21786.447050364583,42920.0,17744.95683012841,20126.41751253132,46650.0,17029.388828484945,19812.595012779468,16.7,14.2,2653.5356192275613,0.13868958881548893
122,T,Ireland,2017,82.2,62970,19225.578248483736,22403.147123690498,42580.0,17283.575008353102,20083.533046645272,47670.0,18609.265637149758,21724.0268773783,15.4,12.7,3177.5688752067617,0.16527819523230033
123,T,Ireland,2018,82.2,66760,20361.10500130352,23441.69138724236,43300.0,17492.326415527325,20602.945630590155,44560.0,19047.55262421128,21966.55487468602,11.5,10.6,3080.586385938841,0.15129760323624977
124,T,Ireland,2019,82.8,69040,20468.407649784498,23505.07256950151,47010.0,17499.298749710575,20178.229956463307,41890.0,18143.73293099793,20739.867846721743,12.2,11.1,3036.664919717012,0.14835863012279724
125,T,Ireland,2020,82.5,73000,20821.54086846872,23858.438582708684,58040.0,18571.62844698401,20978.077803265907,42400.0,17647.40192728174,20689.35286985843,12.0,10.6,3036.8977142399635,0.1458536490370372
126,T,Ireland,2021,82.3,83910,21510.621885853412,24134.73238579326,58050.0,19132.91143113702,21786.447050364583,42920.0,17744.95683012841,20126.41751253132,11.6,8.3,2624.1104999398485,0.1219913823907439
127,T,Ireland,2022,82.6,89250,22197.032231077515,24512.47923778647,62970.0,19225.578248483736,22403.147123690498,42580.0,17283.575008353102,20083.533046645272,9.4,9.5,2315.4470067089533,0.10431335966918827
128,T,Ireland,2023,82.9,82780,22986.620122183824,26179.76390478354,66760.0,20361.10500130352,23441.69138724236,43300.0,17492.326415527325,20602.945630590155,9.3,9.6,3193.1437825997164,0.138913148850365
129,T,Italy,2015,82.7,27620,16311.194996282878,18313.196824749448,28780.0,16226.569912213183,18275.197317968396,30110.0,14192.721142133794,16277.776442973818,12.7,19.2,2002.0018284665693,0.12273790049857175
130,T,Italy,2016,83.4,28010,17401.54541404123,19299.88962222291,28880.0,16623.71347581927,18810.78372426081,30530.0,14489.170107627013,16492.272324700894,13.3,15.5,1898.3442081816793,0.10909055276492362
131,T,Italy,2017,83.1,28510,17608.73465167315,19696.806056828395,27900.0,16466.751476240832,18701.864204248348,30790.0,15086.406025346992,17194.365422812294,12.3,11.0,2088.071405155246,0.11858157025251337
132,T,Italy,2018,83.4,28810,17786.857980375007,20157.320850714885,27340.0,16200.761191375983,18403.07361780403,30240.0,15910.023769727954,17883.526313872935,12.2,11.4,2370.4628703398776,0.13327046704681117
133,T,Italy,2019,83.6,29000,18084.171262771204,20427.587479848313,27330.0,16164.46785172632,18232.332667689305,28470.0,16094.801531184015,18323.735027094925,11.2,11.2,2343.4162170771087,0.12958383234853338
134,T,Italy,2020,82.3,26560,18598.177328961432,21006.46485666064,27620.0,16311.194996282878,18313.196824749448,28780.0,16226.569912213183,18275.197317968396,11.6,9.6,2408.287527699209,0.12949051324233685
135,T,Italy,2021,82.7,29080,18549.338454173776,21085.636734348755,28010.0,17401.54541404123,19299.88962222291,28880.0,16623.71347581927,18810.78372426081,12.0,9.6,2536.2982801749786,0.13673254636228213
136,T,Italy,2022,82.8,30550,19419.77809590616,22087.00646910775,28510.0,17608.73465167315,19696.806056828395,27900.0,16466.751476240832,18701.864204248348,11.0,8.0,2667.2283732015894,0.13734597584118954
137,T,Italy,2023,83.5,30780,20968.138870498038,23714.262617006043,28810.0,17786.857980375007,20157.320850714885,27340.0,16200.761191375983,18403.07361780403,9.8,8.6,2746.123746508005,0.13096649938596952
138,T,Lithuania,2015,74.6,12860,8636.6553486356,10525.556164618885,9810.0,6111.264489945317,7480.96158782068,8740.0,3996.5347542906075,4881.9282463072495,9.0,28.4,1888.9008159832847,0.2187074439970201
139,T,Lithuania,2016,74.9,13360,9912.209385456175,11827.71435796488,10670.0,6261.243269301085,7173.970596612231,9530.0,4743.063447264323,5662.4830021589305,10.1,29.0,1915.5049725087047,0.19324702475708952
140,T,Lithuania,2017,75.8,14150,10124.788537044198,12321.577801666219,11280.0,7010.458639698701,7988.64060666203,10720.0,5972.358967077974,6991.694711803572,9.3,26.8,2196.7892646220207,0.216971372447384
141,T,Lithuania,2018,76.0,14970,11012.722935086871,13200.739062211442,11850.0,7495.84210671468,8912.984161817372,11110.0,7012.431385389649,8297.524539655857,8.9,24.6,2188.0161271245706,0.19868075679571348
142,T,Lithuania,2019,76.5,15710,12007.192383143816,14301.762747236102,12400.0,8016.684771961978,9549.583020101745,9570.0,7426.5324005062575,8939.910212495097,7.4,20.8,2294.5703640922857,0.19109965851080196
143,T,Lithuania,2020,75.2,15720,12749.408135003057,15368.824270573918,12860.0,8636.6553486356,10525.556164618885,9810.0,6111.264489945317,7480.96158782068,7.1,17.5,2619.41613557086,0.20545394012286297
144,T,Lithuania,2021,74.2,16740,13875.415935229708,16944.573691664333,13360.0,9912.209385456175,11827.71435796488,10670.0,6261.243269301085,7173.970596612231,7.8,14.0,3069.1577564346244,0.2211939282225066
145,T,Lithuania,2022,75.8,17020,14345.010956990922,17623.24959934891,14150.0,10124.788537044198,12321.577801666219,11280.0,7010.458639698701,7988.64060666203,8.0,13.3,3278.2386423579883,0.22852813791406454
146,T,Lithuania,2023,77.6,16840,14648.218674387446,17628.267589846233,14970.0,11012.722935086871,13200.739062211442,11850.0,7495.84210671468,8912.984161817372,8.3,15.7,2980.0489154587867,0.2034410450650516
147,T,Luxembourg,2015,82.4,95090,33745.6737246143,36950.10883376562,95920.0,30452.53878025451,32797.74475427104,91120.0,30492.191449630925,33477.144329100505,7.3,2.9,3204.4351091513163,0.09495839778756533
148,T,Luxembourg,2016,82.7,97300,32430.71593491746,36395.833928178195,94700.0,30480.580682176496,32852.918477371815,95130.0,29229.620897231147,32211.457575860546,8.3,3.1,3965.117993260734,0.12226427567057117
149,T,Luxembourg,2017,82.1,96460,33893.631932878416,36916.55923669615,94080.0,31612.343891850127,34215.899829377435,101170.0,29813.95251392339,32776.896059283026,8.3,2.3,3022.9273038177344,0.08918865082987323
150,T,Luxembourg,2018,82.3,96110,32413.654882418305,36306.172626133186,94600.0,32549.27663153928,36859.248469065016,99110.0,29785.52248850952,33004.03001161675,10.4,2.8,3892.5177437148814,0.12008882546060076
151,T,Luxembourg,2019,82.7,96730,32829.453661745785,36633.710549654854,94820.0,33132.27159689013,36041.5848190652,94170.0,30124.705636109033,33413.43226222318,8.9,2.1,3804.2568879090686,0.1158793846253355
152,T,Luxembourg,2020,82.2,94770,31658.283287486858,35641.755406050215,95090.0,33745.6737246143,36950.10883376562,95920.0,30452.53878025451,32797.74475427104,8.9,2.5,3983.472118563357,0.1258271676448688
153,T,Luxembourg,2021,82.7,99760,36049.28408786222,39377.98132693335,97300.0,32430.71593491746,36395.833928178195,94700.0,30480.580682176496,32852.918477371815,6.9,2.2,3328.6972390711308,0.09233740206762946
154,T,Luxembourg,2022,83.0,96540,35423.47966369647,39000.020192584074,96460.0,33893.631932878416,36916.55923669615,94080.0,31612.343891850127,34215.899829377435,5.1,2.5,3576.5405288876063,0.10096525137684319
155,T,Luxembourg,2023,83.4,94080,39586.95916862412,43169.7397489901,96110.0,32413.654882418305,36306.172626133186,94600.0,32549.27663153928,36859.248469065016,6.0,4.1,3582.7805803659794,0.09050406132748949
156,T,Latvia,2015,74.8,12010,8601.387698000919,10133.616035764546,9470.0,6184.864215118036,7392.034571835118,9110.0,4052.4614627434767,4918.652613976091,7.4,27.3,1532.2283377636268,0.1781373415035969
157,T,Latvia,2016,74.9,12430,9515.239856606682,11177.960465560855,9940.0,6306.766441843037,7466.985306129786,10370.0,4541.4544282074385,5809.180371497649,7.0,23.5,1662.7206089541723,0.17474290023279881
158,T,Latvia,2017,74.9,12970,9629.510625078574,11192.83348790091,10790.0,6371.517266700558,7686.0916388944515,11540.0,5750.388430144568,6952.949169088794,7.4,24.2,1563.322862822337,0.162347072835758
159,T,Latvia,2018,75.1,13630,10282.522422361468,12155.46321868432,11130.0,6890.750296417749,8265.396705994597,11270.0,7300.665860895107,9009.896772280043,7.6,19.9,1872.9407963228514,0.18214799048235042
160,T,Latvia,2019,75.7,13820,11227.88537595177,13295.348707154924,11470.0,7610.162967375946,9227.903626886551,9620.0,7305.900075931615,8941.395715648747,7.8,15.1,2067.4633312031547,0.18413648358321427
161,T,Latvia,2020,75.5,13430,11379.356309910783,13320.73868555564,12010.0,8601.387698000919,10133.616035764546,9470.0,6184.864215118036,7392.034571835118,7.5,14.2,1941.3823756448564,0.17060564084402743
162,T,Latvia,2021,73.1,14480,12077.249412511908,14570.942203874245,12430.0,9515.239856606682,11177.960465560855,9940.0,6306.766441843037,7466.985306129786,6.7,10.7,2493.6927913623367,0.20647853713933376
163,T,Latvia,2022,74.5,14730,12994.063491066245,15323.742566943674,12970.0,9629.510625078574,11192.83348790091,10790.0,6371.517266700558,7686.0916388944515,7.4,14.1,2329.6790758774296,0.1792879554174215
164,T,Latvia,2023,75.6,15190,13431.171295222653,15572.907531669205,13630.0,10282.522422361468,12155.46321868432,11130.0,6890.750296417749,8265.396705994597,7.0,13.7,2141.7362364465516,0.15946012372043442
165,T,Malta,2015,81.9,23000,17171.307420918096,19093.692552455,18700.0,13878.933101071125,15582.460700264859,16330.0,12411.928764429862,13685.973202977046,8.8,15.4,1922.385131536903,0.11195333496825363
166,T,Malta,2016,82.4,23400,17771.9643707558,19951.289171158365,18800.0,14613.827640755231,16097.751981629528,16650.0,12743.022125844464,14018.714210821052,6.3,10.5,2179.3248004025663,0.12262711959904098
167,T,Malta,2017,82.3,25710,18373.851154523003,20495.32721712538,19420.0,14832.517466169133,16401.529146810233,17430.0,12901.91440420205,14019.038015317266,5.8,7.7,2121.476062602378,0.1154616985171421
168,T,Malta,2018,82.3,26600,18400.412373906536,20547.108561397676,20370.0,15742.411705056578,17499.622188822243,18080.0,13848.899723035393,15184.002305116834,4.6,8.9,2146.6961874911394,0.11666565639231817
169,T,Malta,2019,82.7,26570,19159.207192138336,21205.503466104896,21490.0,15943.956181743168,17844.40101751692,17690.0,14256.766866387232,15812.3646462869,4.8,9.8,2046.29627396656,0.10680485123654927
170,T,Malta,2020,82.1,25150,19235.97781010463,22205.994393778325,23000.0,17171.307420918096,19093.692552455,18700.0,13878.933101071125,15582.460700264859,5.5,9.5,2970.016583673696,0.15439904396820167
171,T,Malta,2021,82.3,28330,19538.75970369048,22413.535334017582,23400.0,17771.9643707558,19951.289171158365,18800.0,14613.827640755231,16097.751981629528,4.9,9.6,2874.7756303271017,0.14713194050818457
172,T,Malta,2022,82.3,28780,21182.805800709226,24575.540201271655,25710.0,18373.851154523003,20495.32721712538,19420.0,14832.517466169133,16401.529146810233,3.7,10.0,3392.734400562429,0.1601645425295282
173,T,Malta,2023,83.4,29530,22970.761890971506,26000.681285393886,26600.0,18400.412373906536,20547.108561397676,20370.0,15742.411705056578,17499.622188822243,3.1,8.8,3029.9193944223807,0.13190330424404725
174,T,Netherlands,2015,81.6,41270,19771.030742536055,22125.164288820393,40250.0,19456.03928802046,21601.30821826665,38220.0,16754.179494368334,18535.212788013374,9.6,6.9,2354.133546284338,0.11906984400259804
175,T,Netherlands,2016,81.7,42050,21670.967121760466,24047.688623764647,40770.0,19411.635176180713,21476.717336677935,39510.0,17187.575276790525,19189.297739427308,7.9,6.2,2376.7215020041804,0.10967307036415755
176,T,Netherlands,2017,81.8,42970,21607.361367784404,23860.069459519505,40230.0,19555.674914695566,21645.660607232097,40960.0,18045.091690755475,20600.10122149709,9.3,6.1,2252.7080917351013,0.10425651024163399
177,T,Netherlands,2018,81.9,43680,21941.33877931485,24345.92888033812,40100.0,19676.148004845178,21850.76002184776,41660.0,19694.406723324802,22363.95977683203,8.0,6.2,2404.59010102327,0.109591767631344
178,T,Netherlands,2019,82.2,44390,22356.856791449853,24700.549553497014,40600.0,19426.725564275246,21473.51647306376,39930.0,19878.17848229512,22480.57638223104,7.7,6.3,2343.6927620471615,0.10483104954822998
179,T,Netherlands,2020,81.4,42440,22611.58620769042,25422.54183588773,41270.0,19771.030742536055,22125.164288820393,40250.0,19456.03928802046,21601.30821826665,7.2,5.1,2810.955628197309,0.12431483587123472
180,T,Netherlands,2021,81.4,44870,24595.520996588657,26524.258600766585,42050.0,21670.967121760466,24047.688623764647,40770.0,19411.635176180713,21476.717336677935,7.3,4.5,1928.737604177928,0.07841824551898859
181,T,Netherlands,2022,81.7,46670,25473.598833757635,27406.024149139976,42970.0,21607.361367784404,23860.069459519505,40230.0,19555.674914695566,21645.660607232097,7.2,5.1,1932.425315382341,0.07585992572127223
182,T,Netherlands,2023,81.9,46240,25962.07974302956,28514.746666747105,43680.0,21941.33877931485,24345.92888033812,40100.0,19676.148004845178,21850.76002184776,7.2,5.6,2552.6669237175447,0.0983228982032111
183,T,Poland,2015,77.5,11390,10127.31295869068,11590.96966444709,9740.0,7733.095299212088,8947.72306185411,7750.0,4880.7730412228375,5868.590301987653,7.7,16.0,1463.6567057564098,0.14452567149121065
184,T,Poland,2016,78.0,11740,10987.228476102655,12399.196793704974,10250.0,8475.980388275795,9800.599373497918,8230.0,5211.184778189858,6216.149577513429,7.5,12.2,1411.968317602319,0.12850996233248138
185,T,Poland,2017,77.8,12340,11213.31477413864,12733.608488305179,10400.0,8839.546515781456,10223.687149354204,8790.0,5754.043735906159,6802.614513935547,6.8,11.9,1520.2937141665388,0.13557933089266386
186,T,Poland,2018,77.7,13120,11555.868311170168,12860.865097366883,10480.0,9392.274181068218,10816.142619551985,9180.0,6867.3210868259375,8134.005656226619,6.6,10.2,1304.9967861967143,0.11292935771302226
187,T,Poland,2019,78.0,13720,12370.40453319969,13934.65852715302,10900.0,9691.85331063551,11171.853281284873,9410.0,7523.394854604203,8799.15342788044,5.7,8.7,1564.2539939533308,0.12645132095358613
188,T,Poland,2020,76.4,13720,13364.104927248563,14797.497988865738,11390.0,10127.31295869068,11590.96966444709,9740.0,7733.095299212088,8947.72306185411,4.9,6.6,1433.3930616171747,0.10725694458553502
189,T,Poland,2021,75.4,14750,13947.361634638082,15318.310015370502,11740.0,10987.228476102655,12399.196793704974,10250.0,8475.980388275795,9800.599373497918,4.6,6.8,1370.9483807324195,0.09829446003089845
190,T,Poland,2022,77.2,15190,15164.245236900764,16674.624109443197,12340.0,11213.31477413864,12733.608488305179,10400.0,8839.546515781456,10223.687149354204,4.0,6.7,1510.3788725424329,0.09960132198779455
191,T,Poland,2023,78.4,15290,16731.091370523594,18553.7704119719,13120.0,11555.868311170168,12860.865097366883,10480.0,9392.274181068218,10816.142619551985,4.2,6.9,1822.679041448304,0.10893963825094237
192,T,Portugal,2015,81.3,17280,10449.55858481769,12467.853148151646,17750.0,9985.659912147705,12079.78382055424,17350.0,8473.70497679988,10990.652580701491,10.8,21.3,2018.294563333955,0.19314639436218514
193,T,Portugal,2016,81.3,17670,10944.34686384256,13265.304408090917,17450.0,9917.973400309305,12256.978154614155,17600.0,8761.360120447704,11391.22033226703,9.4,18.2,2320.9575442483565,0.2120690775907543
194,T,Portugal,2017,81.6,18280,10926.619612091008,13164.663196838177,16810.0,10014.648942044696,12370.32832980405,18010.0,9139.81038183334,11967.918714565776,8.2,16.8,2238.043584747169,0.20482488310205563
195,T,Portugal,2018,81.5,18830,10871.7223948507,12934.536639824017,16740.0,10149.312409498201,12362.909987865449,18040.0,9837.233580679687,12237.054802601806,7.4,14.5,2062.814244973317,0.1897412544262859
196,T,Portugal,2019,81.9,19310,11707.37406695549,13797.893153093628,16950.0,10230.08616102833,12327.832578712882,17460.0,9596.564332023552,12128.027412360618,6.4,13.2,2090.519086138138,0.17856430265081458
197,T,Portugal,2020,81.5,17680,12436.611504585455,14621.509998854513,17280.0,10449.55858481769,12467.853148151646,17750.0,9985.659912147705,12079.78382055424,5.3,13.0,2184.8984942690586,0.17568278091371375
198,T,Portugal,2021,81.5,18620,12462.87623389178,14775.45505008736,17670.0,10944.34686384256,13265.304408090917,17450.0,9917.973400309305,12256.978154614155,5.6,13.9,2312.578816195579,0.18555739243455763
199,T,Portugal,2022,81.8,19800,12416.764785518379,14906.753448580615,18280.0,10926.619612091008,13164.663196838177,16810.0,10014.648942044696,12370.32832980405,5.6,11.8,2489.988663062237,0.2005344150487815
200,T,Portugal,2023,82.5,20110,13590.704847184901,16688.746916407366,18830.0,10871.7223948507,12934.536639824017,16740.0,10149.312409498201,12362.909987865449,6.0,12.1,3098.042069222465,0.22795300935875856
201,T,Romania,2017,75.2,9100,5517.0196275707685,6075.440996784924,7420.0,3882.402994439309,4431.128489800611,6740.0,2916.696465118064,3492.484219373667,5.2,47.5,558.4213692141557,0.10121794137245756
202,T,Romania,2018,75.3,9720,6634.856021156445,7501.578731830896,7470.0,4084.419046513233,4660.858412016493,7500.0,3208.8942988761473,3780.3257844474447,5.7,42.7,866.7227106744504,0.1306317285425256
203,T,Romania,2019,75.6,10140,7603.1241943668465,8626.654118782699,7800.0,4223.895453381897,4750.411464642287,7140.0,3605.8941837365132,4166.610974416051,4.4,39.2,1023.5299244158523,0.1346196508501315
204,T,Romania,2020,74.2,9820,8107.133667577647,8984.440679651922,8090.0,4548.5423101244505,5269.389601087295,6900.0,3688.361085414992,4261.975541085363,4.3,38.6,877.3070120742741,0.10821420344687706
205,T,Romania,2021,72.8,10450,9051.55709734432,9968.515852609247,8370.0,4908.384603141524,5477.300825997658,7250.0,3823.4594739064814,4342.608673684855,3.6,34.2,916.9587552649282,0.10130397956987525
206,T,Romania,2022,75.1,10910,10300.829394201824,11406.95084618783,9100.0,5517.0196275707685,6075.440996784924,7420.0,3882.402994439309,4431.128489800611,4.0,35.3,1106.121451986006,0.10738178545201654
207,T,Romania,2023,76.4,11170,11340.779451135162,12215.805785398015,9720.0,6634.856021156445,7501.578731830896,7470.0,4084.419046513233,4660.858412016493,5.0,31.0,875.0263342628532,0.0771575126765442
208,T,Sweden,2015,82.2,46160,21126.301289148778,22626.189119789637,43480.0,18140.72156537342,19309.344866670774,41670.0,15033.042325121089,16197.766196258897,5.1,2.3,1499.8878306408587,0.07099623403606643
209,T,Sweden,2016,82.4,46590,21852.942475135464,23899.100176742348,44510.0,18582.770204637574,19939.29861892278,43340.0,15732.872294501813,16748.66557926725,5.2,2.2,2046.157701606884,0.09363305211346373
210,T,Sweden,2017,82.5,46800,21286.198481593565,23329.077073930683,44010.0,19714.2403562157,20963.621406492428,44430.0,16492.28467556094,17658.261647322,5.3,2.1,2042.8785923371179,0.09597197893760222
211,T,Sweden,2018,82.6,47080,21556.96183081869,23408.115410906048,44130.0,20795.81766845409,22150.729303273376,43680.0,18051.4915163782,19331.355630023267,4.7,2.0,1851.153580087357,0.08587265657449346
212,T,Sweden,2019,83.2,47790,21749.500013435656,23594.50885861599,44690.0,20467.80172721707,22001.616273666317,41470.0,18647.908512959322,20187.89995793333,4.4,2.3,1845.008845180335,0.08482994294308324
213,T,Sweden,2020,82.4,46550,21291.44195802829,22935.643460883424,46160.0,21126.301289148778,22626.189119789637,43480.0,18140.72156537342,19309.344866670774,4.6,2.2,1644.201502855136,0.07722358617590777
214,T,Sweden,2021,83.1,48690,21823.628519216247,23617.433935409685,46590.0,21852.942475135464,23899.100176742348,44510.0,18582.770204637574,19939.29861892278,5.5,2.3,1793.8054161934378,0.08219556223723051
215,T,Sweden,2022,83.1,48780,21853.884176109223,23521.927826203966,46800.0,21286.198481593565,23329.077073930683,44010.0,19714.2403562157,20963.621406492428,5.8,4.0,1668.0436500947435,0.0763271021596361
216,T,Sweden,2023,83.4,48350,23448.652922652647,25949.571606689613,47080.0,21556.96183081869,23408.115410906048,44130.0,20795.81766845409,22150.729303273376,5.7,4.5,2500.9186840369657,0.10665511116081833
217,T,Slovenia,2015,80.9,18660,15229.741522060045,16378.350392706776,18420.0,13477.6980668875,14565.34424882409,17210.0,11704.48242340927,12692.435094265515,6.2,12.1,1148.6088706467308,0.07541880267521209
218,T,Slovenia,2016,81.2,19210,15451.847993910564,16486.5335220543,18510.0,14114.609843713764,15189.122050591814,18170.0,12311.396097520139,13327.022971426113,6.8,10.0,1034.6855281437347,0.06696192769638266
219,T,Slovenia,2017,81.2,20190,15402.887521830353,16504.642185374047,17930.0,14322.038192360733,15409.69652146908,19360.0,13091.310743434618,14139.253935990211,5.7,10.4,1101.7546635436938,0.07152909881229662
220,T,Slovenia,2018,81.5,21010,15857.940104304571,17033.56344112839,17760.0,14283.600239901041,15347.00021922775,19980.0,13919.535108956039,14948.459390058917,5.1,8.9,1175.623336823819,0.07413468137041967
221,T,Slovenia,2019,81.6,21570,16824.617493642494,18225.74949100329,18230.0,14397.56534540281,15576.922924128652,18290.0,14553.780723419442,15576.228177758152,5.1,6.3,1401.131997360797,0.0832786836247684
222,T,Slovenia,2020,80.6,20560,17209.219604518727,18492.348089024017,18660.0,15229.741522060045,16378.350392706776,18420.0,13477.6980668875,14565.34424882409,4.5,6.1,1283.1284845052905,0.0745605270891175
223,T,Slovenia,2021,80.7,22230,17757.798669194515,19114.989101999392,19210.0,15451.847993910564,16486.5335220543,18510.0,14114.609843713764,15189.122050591814,4.2,5.0,1357.1904328048768,0.07642785336671677
224,T,Slovenia,2022,81.3,22810,18966.86837554674,20398.888610372436,20190.0,15402.887521830353,16504.642185374047,17930.0,14322.038192360733,15409.69652146908,4.1,4.2,1432.0202348256971,0.07550114264893334
225,T,Slovenia,2023,82.0,23170,20257.06972109672,22008.06671460748,21010.0,15857.940104304571,17033.56344112839,17760.0,14283.600239901041,15347.00021922775,3.9,4.9,1750.996993510762,0.08643880964121808
226,T,Slovakia,2015,76.7,14820,10593.93972840898,11093.283995924348,13060.0,8664.233002553785,9499.225735472808,10260.0,4138.8383587841545,4486.631270341774,6.7,15.9,499.3442675153692,0.047134897905480325
227,T,Slovakia,2016,77.3,15090,10869.320431003465,11478.943534784768,13480.0,9310.6058791157,10173.133851507053,11170.0,4769.602480372559,5410.150438336888,5.8,14.7,609.6231037813031,0.05608658863735626
228,T,Slovakia,2017,77.3,15500,9826.447903480108,10288.927551976392,13670.0,10170.139399135998,10927.009761251162,12360.0,5814.437358853402,6328.7241785192955,4.7,12.9,462.4796484962844,0.04706478404393656
229,T,Slovakia,2018,77.4,16110,10244.341099734207,10555.967497848553,13750.0,9983.664036976066,10623.547007375128,13000.0,6979.8484246008675,7498.185765975642,4.8,11.7,311.62639811434565,0.0304193695895611
230,T,Slovakia,2019,77.8,16450,10881.184312313944,11332.009365080714,14100.0,10311.99097955004,11155.678347954568,12260.0,8134.904369740573,8880.748579544828,6.1,11.2,450.82505276676966,0.0414316162493988
231,T,Slovakia,2020,77.0,16010,10418.391059679554,10721.216966870716,14820.0,10593.93972840898,11093.283995924348,13060.0,8664.233002553785,9499.225735472808,4.5,9.6,302.8259071911616,0.02906647537575498
232,T,Slovakia,2021,74.6,16980,9795.433737262025,10057.557214688835,15090.0,10869.320431003465,11478.943534784768,13480.0,9310.6058791157,10173.133851507053,4.9,9.1,262.1234774268105,0.026759762197123296
233,T,Slovakia,2022,77.0,17000,10220.109008144824,10452.537127382442,15500.0,9826.447903480108,10288.927551976392,13670.0,10170.139399135998,10927.009761251162,3.5,9.7,232.42811923761838,0.022742234848218044
234,T,Slovakia,2023,78.2,17370,11054.907076090918,11120.490707609091,16110.0,10244.341099734207,10555.967497848553,13750.0,9983.664036976066,10623.547007375128,4.1,13.3,65.5836315181732,0.005932535756905157
